recordType,formTypeCd,reportTypeCd,reportInfoIdent,applicableYear,filerIdent,filerTypeCd,filerName,filerSort,dueDt,receivedDt,periodStartDt,periodEndDt,lobbyFormType,lobbySubjectmatterId,subjectMatterCd,subjectMatterCodeValue,subjectMatterDescr
SUB,LOBBYACT,LOBBYACTANNUAL,211165,2002,00010017,LOBB,"Kleinworth, Thomas W. (Mr.)","KLEINWORTH, THOMAS W. (MR.)",20030110,20021219,20020101,20021231,LA-A4,100000679,74,State Finances,
SUB,LOBBYACT,LOBBYACTANNUAL,211165,2002,00010017,LOBB,"Kleinworth, Thomas W. (Mr.)","KLEINWORTH, THOMAS W. (MR.)",20030110,20021219,20020101,20021231,LA-A4,100000697,29,Education,
SUB,LOBBYACT,LOBBYACTANNUAL,211165,2002,00010017,LOBB,"Kleinworth, Thomas W. (Mr.)","KLEINWORTH, THOMAS W. (MR.)",20030110,20021219,20020101,20021231,LA-A4,100000807,59,Open Records And Open Meetings,
SUB,LOBBYACT,LOBBYACTANNUAL,211165,2002,00010017,LOBB,"Kleinworth, Thomas W. (Mr.)","KLEINWORTH, THOMAS W. (MR.)",20030110,20021219,20020101,20021231,LA-A4,100000835,40,Health And Health Care,
SUB,LOBBYACT,LOBBYACTANNUAL,638262,2014,00010017,LOBB,"Kleinworth, Thomas (Mr.)","KLEINWORTH, THOMAS (MR.)",20150112,20150105,20140101,20141231,LA-A4,100000678,43,Hospitals,
SUB,LOBBYACT,LOBBYACTANNUAL,638262,2014,00010017,LOBB,"Kleinworth, Thomas (Mr.)","KLEINWORTH, THOMAS (MR.)",20150112,20150105,20140101,20141231,LA-A4,100000685,59,Open Records And Open Meetings,
SUB,LOBBYACT,LOBBYACTANNUAL,638262,2014,00010017,LOBB,"Kleinworth, Thomas (Mr.)","KLEINWORTH, THOMAS (MR.)",20150112,20150105,20140101,20141231,LA-A4,100000695,57,Occupational Regulation,
SUB,LOBBYACT,LOBBYACTANNUAL,638262,2014,00010017,LOBB,"Kleinworth, Thomas (Mr.)","KLEINWORTH, THOMAS (MR.)",20150112,20150105,20140101,20141231,LA-A4,100000715,74,State Finances,
SUB,LOBBYACT,LOBBYACTANNUAL,638262,2014,00010017,LOBB,"Kleinworth, Thomas (Mr.)","KLEINWORTH, THOMAS (MR.)",20150112,20150105,20140101,20141231,LA-A4,100000722,40,Health And Health Care,
SUB,LOBBYACT,LOBBYACTANNUAL,638262,2014,00010017,LOBB,"Kleinworth, Thomas (Mr.)","KLEINWORTH, THOMAS (MR.)",20150112,20150105,20140101,20141231,LA-A4,100000759,29,Education,
SUB,LOBBYACT,LOBBYACTANNUAL,638262,2014,00010017,LOBB,"Kleinworth, Thomas (Mr.)","KLEINWORTH, THOMAS (MR.)",20150112,20150105,20140101,20141231,LA-A4,100000820,75,Taxation,
SUB,LOBBYACT,LOBBYACTANNUAL,638262,2014,00010017,LOBB,"Kleinworth, Thomas (Mr.)","KLEINWORTH, THOMAS (MR.)",20150112,20150105,20140101,20141231,LA-A4,100000822,13,Charitable And Nonprofit Organizations,
SUB,LOBBYACT,LOBBYACTANNUAL,472490,2010,00010017,LOBB,"Kleinworth, Thomas (Mr.)","KLEINWORTH, THOMAS (MR.)",20110110,20110103,20100101,20101231,LA-A4,100000680,57,Occupational Regulation,occupational regulation
SUB,LOBBYACT,LOBBYACTANNUAL,472490,2010,00010017,LOBB,"Kleinworth, Thomas (Mr.)","KLEINWORTH, THOMAS (MR.)",20110110,20110103,20100101,20101231,LA-A4,100000716,75,Taxation,taxation
SUB,LOBBYACT,LOBBYACTANNUAL,472490,2010,00010017,LOBB,"Kleinworth, Thomas (Mr.)","KLEINWORTH, THOMAS (MR.)",20110110,20110103,20100101,20101231,LA-A4,100000718,59,Open Records And Open Meetings,open records and open meetings
SUB,LOBBYACT,LOBBYACTANNUAL,472490,2010,00010017,LOBB,"Kleinworth, Thomas (Mr.)","KLEINWORTH, THOMAS (MR.)",20110110,20110103,20100101,20101231,LA-A4,100000721,43,Hospitals,hospitals
SUB,LOBBYACT,LOBBYACTANNUAL,472490,2010,00010017,LOBB,"Kleinworth, Thomas (Mr.)","KLEINWORTH, THOMAS (MR.)",20110110,20110103,20100101,20101231,LA-A4,100000728,74,State Finances,state finances
SUB,LOBBYACT,LOBBYACTANNUAL,472490,2010,00010017,LOBB,"Kleinworth, Thomas (Mr.)","KLEINWORTH, THOMAS (MR.)",20110110,20110103,20100101,20101231,LA-A4,100000762,13,Charitable And Nonprofit Organizations,charitable and nonprofit organizations
SUB,LOBBYACT,LOBBYACTANNUAL,472490,2010,00010017,LOBB,"Kleinworth, Thomas (Mr.)","KLEINWORTH, THOMAS (MR.)",20110110,20110103,20100101,20101231,LA-A4,100000792,40,Health And Health Care,health and health care
SUB,LOBBYACT,LOBBYACTANNUAL,472490,2010,00010017,LOBB,"Kleinworth, Thomas (Mr.)","KLEINWORTH, THOMAS (MR.)",20110110,20110103,20100101,20101231,LA-A4,100000830,29,Education,education
SUB,LOBBYACT,LOBBYACTANNUAL,433389,2009,00010017,LOBB,"Kleinworth, Thomas (Mr.)","KLEINWORTH, THOMAS (MR.)",20100111,20100104,20090101,20091231,LA-A4,100000660,43,Hospitals,hospitals
SUB,LOBBYACT,LOBBYACTANNUAL,433389,2009,00010017,LOBB,"Kleinworth, Thomas (Mr.)","KLEINWORTH, THOMAS (MR.)",20100111,20100104,20090101,20091231,LA-A4,100000664,75,Taxation,taxation
SUB,LOBBYACT,LOBBYACTANNUAL,433389,2009,00010017,LOBB,"Kleinworth, Thomas (Mr.)","KLEINWORTH, THOMAS (MR.)",20100111,20100104,20090101,20091231,LA-A4,100000668,40,Health And Health Care,health and health care
SUB,LOBBYACT,LOBBYACTANNUAL,433389,2009,00010017,LOBB,"Kleinworth, Thomas (Mr.)","KLEINWORTH, THOMAS (MR.)",20100111,20100104,20090101,20091231,LA-A4,100000676,74,State Finances,state finances
SUB,LOBBYACT,LOBBYACTANNUAL,433389,2009,00010017,LOBB,"Kleinworth, Thomas (Mr.)","KLEINWORTH, THOMAS (MR.)",20100111,20100104,20090101,20091231,LA-A4,100000693,57,Occupational Regulation,occupational regulation
SUB,LOBBYACT,LOBBYACTANNUAL,433389,2009,00010017,LOBB,"Kleinworth, Thomas (Mr.)","KLEINWORTH, THOMAS (MR.)",20100111,20100104,20090101,20091231,LA-A4,100000747,59,Open Records And Open Meetings,open records and open meetings
SUB,LOBBYACT,LOBBYACTANNUAL,433389,2009,00010017,LOBB,"Kleinworth, Thomas (Mr.)","KLEINWORTH, THOMAS (MR.)",20100111,20100104,20090101,20091231,LA-A4,100000823,29,Education,education
SUB,LOBBYACT,LOBBYACTANNUAL,433389,2009,00010017,LOBB,"Kleinworth, Thomas (Mr.)","KLEINWORTH, THOMAS (MR.)",20100111,20100104,20090101,20091231,LA-A4,100000832,13,Charitable And Nonprofit Organizations,charitable and nonprofit organizations
SUB,LOBBYACT,LOBBYACTAUG,198952,2002,00010017,LOBB,"Kleinworth, Thomas W. (Mr.)","KLEINWORTH, THOMAS W. (MR.)",20010810,20020522,20020701,20020731,LA-A4,100000671,74,State Finances,
SUB,LOBBYACT,LOBBYACTAUG,198952,2002,00010017,LOBB,"Kleinworth, Thomas W. (Mr.)","KLEINWORTH, THOMAS W. (MR.)",20010810,20020522,20020701,20020731,LA-A4,100000778,40,Health And Health Care,
SUB,LOBBYACT,LOBBYACTANNUAL,395253,2008,00010017,LOBB,"Kleinworth, Thomas (Mr.)","KLEINWORTH, THOMAS (MR.)",20090112,20090102,20080101,20081231,LA-A4,100000653,29,Education,education
SUB,LOBBYACT,LOBBYACTANNUAL,395253,2008,00010017,LOBB,"Kleinworth, Thomas (Mr.)","KLEINWORTH, THOMAS (MR.)",20090112,20090102,20080101,20081231,LA-A4,100000701,74,State Finances,state finances
SUB,LOBBYACT,LOBBYACTANNUAL,395253,2008,00010017,LOBB,"Kleinworth, Thomas (Mr.)","KLEINWORTH, THOMAS (MR.)",20090112,20090102,20080101,20081231,LA-A4,100000717,13,Charitable And Nonprofit Organizations,charitable and nonprofit organizations
SUB,LOBBYACT,LOBBYACTANNUAL,395253,2008,00010017,LOBB,"Kleinworth, Thomas (Mr.)","KLEINWORTH, THOMAS (MR.)",20090112,20090102,20080101,20081231,LA-A4,100000720,57,Occupational Regulation,occupational regulation
SUB,LOBBYACT,LOBBYACTANNUAL,395253,2008,00010017,LOBB,"Kleinworth, Thomas (Mr.)","KLEINWORTH, THOMAS (MR.)",20090112,20090102,20080101,20081231,LA-A4,100000730,43,Hospitals,hospitals
SUB,LOBBYACT,LOBBYACTANNUAL,395253,2008,00010017,LOBB,"Kleinworth, Thomas (Mr.)","KLEINWORTH, THOMAS (MR.)",20090112,20090102,20080101,20081231,LA-A4,100000756,75,Taxation,taxation
SUB,LOBBYACT,LOBBYACTANNUAL,395253,2008,00010017,LOBB,"Kleinworth, Thomas (Mr.)","KLEINWORTH, THOMAS (MR.)",20090112,20090102,20080101,20081231,LA-A4,100000801,40,Health And Health Care,health and health care
SUB,LOBBYACT,LOBBYACTANNUAL,395253,2008,00010017,LOBB,"Kleinworth, Thomas (Mr.)","KLEINWORTH, THOMAS (MR.)",20090112,20090102,20080101,20081231,LA-A4,100000829,59,Open Records And Open Meetings,open records and open meetings
SUB,LOBBYACT,LOBBYACTSEP,318658,2006,00010027,LOBB,"Sickels, Linda (Ms.)","SICKELS, LINDA (MS.)",20060911,20060907,20060801,20060831,LA-A4,100001606,78,Transportation,transportation
SUB,LOBBYACT,LOBBYACTSEP,318658,2006,00010027,LOBB,"Sickels, Linda (Ms.)","SICKELS, LINDA (MS.)",20060911,20060907,20060801,20060831,LA-A4,100001627,81,Water,water
SUB,LOBBYACT,LOBBYACTSEP,318658,2006,00010027,LOBB,"Sickels, Linda (Ms.)","SICKELS, LINDA (MS.)",20060911,20060907,20060801,20060831,LA-A4,100001634,63,Product Liability,product liability
SUB,LOBBYACT,LOBBYACTSEP,318658,2006,00010027,LOBB,"Sickels, Linda (Ms.)","SICKELS, LINDA (MS.)",20060911,20060907,20060801,20060831,LA-A4,100001640,32,Environment,environment
SUB,LOBBYACT,LOBBYACTSEP,318658,2006,00010027,LOBB,"Sickels, Linda (Ms.)","SICKELS, LINDA (MS.)",20060911,20060907,20060801,20060831,LA-A4,100001658,75,Taxation,taxation
SUB,LOBBYACT,LOBBYACTSEP,318658,2006,00010027,LOBB,"Sickels, Linda (Ms.)","SICKELS, LINDA (MS.)",20060911,20060907,20060801,20060831,LA-A4,100001725,40,Health And Health Care,health and health care
SUB,LOBBYACT,LOBBYACTSEP,318658,2006,00010027,LOBB,"Sickels, Linda (Ms.)","SICKELS, LINDA (MS.)",20060911,20060907,20060801,20060831,LA-A4,100001754,64,Property Interests,property interests
SUB,LOBBYACT,LOBBYACTSEP,318658,2006,00010027,LOBB,"Sickels, Linda (Ms.)","SICKELS, LINDA (MS.)",20060911,20060907,20060801,20060831,LA-A4,100001756,31,Energy,energy
SUB,LOBBYACT,LOBBYACTSEP,318658,2006,00010027,LOBB,"Sickels, Linda (Ms.)","SICKELS, LINDA (MS.)",20060911,20060907,20060801,20060831,LA-A4,100001769,76,Tort Reform,tort reform
SUB,LOBBYACT,LOBBYACTSEP,318658,2006,00010027,LOBB,"Sickels, Linda (Ms.)","SICKELS, LINDA (MS.)",20060911,20060907,20060801,20060831,LA-A4,100001774,11,Business And Commerce,business and commerce
SUB,LOBBYACT,LOBBYACTSEP,318658,2006,00010027,LOBB,"Sickels, Linda (Ms.)","SICKELS, LINDA (MS.)",20060911,20060907,20060801,20060831,LA-A4,100001789,41,Highways And Roads,highways and roads
SUB,LOBBYACT,LOBBYACTSEP,318658,2006,00010027,LOBB,"Sickels, Linda (Ms.)","SICKELS, LINDA (MS.)",20060911,20060907,20060801,20060831,LA-A4,100001826,80,Vehicles And Traffic,vehicles and traffic
SUB,LOBBYACT,LOBBYACTSEP,318658,2006,00010027,LOBB,"Sickels, Linda (Ms.)","SICKELS, LINDA (MS.)",20060911,20060907,20060801,20060831,LA-A4,100001845,28,Economic And Industrial Development,econimic and industrial development
SUB,LOBBYACT,LOBBYACTSEP,318658,2006,00010027,LOBB,"Sickels, Linda (Ms.)","SICKELS, LINDA (MS.)",20060911,20060907,20060801,20060831,LA-A4,100001852,20,Corporations And Associations,corporations and associations
SUB,LOBBYACT,LOBBYACTSEP,318658,2006,00010027,LOBB,"Sickels, Linda (Ms.)","SICKELS, LINDA (MS.)",20060911,20060907,20060801,20060831,LA-A4,100002080,54,Mines And Mineral Resources,mines and mineral resources
SUB,LOBBYACT,LOBBYACTSEP,318658,2006,00010027,LOBB,"Sickels, Linda (Ms.)","SICKELS, LINDA (MS.)",20060911,20060907,20060801,20060831,LA-A4,100002083,46,Insurance,insurance
SUB,LOBBYACT,LOBBYACTMAY,311345,2006,00010027,LOBB,"Sickels, Linda (Ms.)","SICKELS, LINDA (MS.)",20060612,20060605,20060401,20060430,LA-A4,100001587,28,Economic And Industrial Development,econimic and industrial development
SUB,LOBBYACT,LOBBYACTMAY,311345,2006,00010027,LOBB,"Sickels, Linda (Ms.)","SICKELS, LINDA (MS.)",20060612,20060605,20060401,20060430,LA-A4,100001592,46,Insurance,insurance
SUB,LOBBYACT,LOBBYACTMAY,311345,2006,00010027,LOBB,"Sickels, Linda (Ms.)","SICKELS, LINDA (MS.)",20060612,20060605,20060401,20060430,LA-A4,100001679,78,Transportation,transportation
SUB,LOBBYACT,LOBBYACTMAY,311345,2006,00010027,LOBB,"Sickels, Linda (Ms.)","SICKELS, LINDA (MS.)",20060612,20060605,20060401,20060430,LA-A4,100001689,54,Mines And Mineral Resources,mines and mineral resources
SUB,LOBBYACT,LOBBYACTMAY,311345,2006,00010027,LOBB,"Sickels, Linda (Ms.)","SICKELS, LINDA (MS.)",20060612,20060605,20060401,20060430,LA-A4,100001738,20,Corporations And Associations,corporations and associations
SUB,LOBBYACT,LOBBYACTMAY,311345,2006,00010027,LOBB,"Sickels, Linda (Ms.)","SICKELS, LINDA (MS.)",20060612,20060605,20060401,20060430,LA-A4,100001751,11,Business And Commerce,business and commerce
SUB,LOBBYACT,LOBBYACTMAY,311345,2006,00010027,LOBB,"Sickels, Linda (Ms.)","SICKELS, LINDA (MS.)",20060612,20060605,20060401,20060430,LA-A4,100001767,32,Environment,environment
SUB,LOBBYACT,LOBBYACTMAY,311345,2006,00010027,LOBB,"Sickels, Linda (Ms.)","SICKELS, LINDA (MS.)",20060612,20060605,20060401,20060430,LA-A4,100001803,75,Taxation,taxation
SUB,LOBBYACT,LOBBYACTMAY,311345,2006,00010027,LOBB,"Sickels, Linda (Ms.)","SICKELS, LINDA (MS.)",20060612,20060605,20060401,20060430,LA-A4,100001804,81,Water,water
SUB,LOBBYACT,LOBBYACTMAY,311345,2006,00010027,LOBB,"Sickels, Linda (Ms.)","SICKELS, LINDA (MS.)",20060612,20060605,20060401,20060430,LA-A4,100001811,76,Tort Reform,tort reform
SUB,LOBBYACT,LOBBYACTMAY,311345,2006,00010027,LOBB,"Sickels, Linda (Ms.)","SICKELS, LINDA (MS.)",20060612,20060605,20060401,20060430,LA-A4,100001820,40,Health And Health Care,health and health care
SUB,LOBBYACT,LOBBYACTMAY,311345,2006,00010027,LOBB,"Sickels, Linda (Ms.)","SICKELS, LINDA (MS.)",20060612,20060605,20060401,20060430,LA-A4,100001821,41,Highways And Roads,highways and roads
SUB,LOBBYACT,LOBBYACTMAY,311345,2006,00010027,LOBB,"Sickels, Linda (Ms.)","SICKELS, LINDA (MS.)",20060612,20060605,20060401,20060430,LA-A4,100001906,63,Product Liability,product liability
SUB,LOBBYACT,LOBBYACTMAY,311345,2006,00010027,LOBB,"Sickels, Linda (Ms.)","SICKELS, LINDA (MS.)",20060612,20060605,20060401,20060430,LA-A4,100001914,80,Vehicles And Traffic,vehicles and traffic
SUB,LOBBYACT,LOBBYACTMAY,311345,2006,00010027,LOBB,"Sickels, Linda (Ms.)","SICKELS, LINDA (MS.)",20060612,20060605,20060401,20060430,LA-A4,100002000,31,Energy,energy
SUB,LOBBYACT,LOBBYACTMAY,311345,2006,00010027,LOBB,"Sickels, Linda (Ms.)","SICKELS, LINDA (MS.)",20060612,20060605,20060401,20060430,LA-A4,100002075,64,Property Interests,property interests
SUB,LOBBYACT,LOBBYACTJAN,327945,2006,00010027,LOBB,"Sickels, Linda","SICKELS, LINDA",20070110,20070104,20061201,20061231,LA-A4,100001607,75,Taxation,taxation
SUB,LOBBYACT,LOBBYACTJAN,327945,2006,00010027,LOBB,"Sickels, Linda","SICKELS, LINDA",20070110,20070104,20061201,20061231,LA-A4,100001630,78,Transportation,transportation
SUB,LOBBYACT,LOBBYACTJAN,327945,2006,00010027,LOBB,"Sickels, Linda","SICKELS, LINDA",20070110,20070104,20061201,20061231,LA-A4,100001645,31,Energy,energy
SUB,LOBBYACT,LOBBYACTJAN,327945,2006,00010027,LOBB,"Sickels, Linda","SICKELS, LINDA",20070110,20070104,20061201,20061231,LA-A4,100001652,28,Economic And Industrial Development,econimic and industrial development
SUB,LOBBYACT,LOBBYACTJAN,327945,2006,00010027,LOBB,"Sickels, Linda","SICKELS, LINDA",20070110,20070104,20061201,20061231,LA-A4,100001667,12,Cemeteries,cemeteries
SUB,LOBBYACT,LOBBYACTJAN,327945,2006,00010027,LOBB,"Sickels, Linda","SICKELS, LINDA",20070110,20070104,20061201,20061231,LA-A4,100001683,40,Health And Health Care,health and health care
SUB,LOBBYACT,LOBBYACTJAN,327945,2006,00010027,LOBB,"Sickels, Linda","SICKELS, LINDA",20070110,20070104,20061201,20061231,LA-A4,100001700,80,Vehicles And Traffic,vehicles and traffic
SUB,LOBBYACT,LOBBYACTJAN,327945,2006,00010027,LOBB,"Sickels, Linda","SICKELS, LINDA",20070110,20070104,20061201,20061231,LA-A4,100001835,20,Corporations And Associations,corporations and associations
SUB,LOBBYACT,LOBBYACTJAN,327945,2006,00010027,LOBB,"Sickels, Linda","SICKELS, LINDA",20070110,20070104,20061201,20061231,LA-A4,100001888,11,Business And Commerce,business and commerce
SUB,LOBBYACT,LOBBYACTJAN,327945,2006,00010027,LOBB,"Sickels, Linda","SICKELS, LINDA",20070110,20070104,20061201,20061231,LA-A4,100001968,54,Mines And Mineral Resources,mines and mineral resources
SUB,LOBBYACT,LOBBYACTJAN,327945,2006,00010027,LOBB,"Sickels, Linda","SICKELS, LINDA",20070110,20070104,20061201,20061231,LA-A4,100001975,76,Tort Reform,tort reform
SUB,LOBBYACT,LOBBYACTJAN,327945,2006,00010027,LOBB,"Sickels, Linda","SICKELS, LINDA",20070110,20070104,20061201,20061231,LA-A4,100001997,46,Insurance,insurance
SUB,LOBBYACT,LOBBYACTJAN,327945,2006,00010027,LOBB,"Sickels, Linda","SICKELS, LINDA",20070110,20070104,20061201,20061231,LA-A4,100001998,64,Property Interests,property interests
SUB,LOBBYACT,LOBBYACTJAN,327945,2006,00010027,LOBB,"Sickels, Linda","SICKELS, LINDA",20070110,20070104,20061201,20061231,LA-A4,100002009,60,Parks And Wildlife,parks and wildlife
SUB,LOBBYACT,LOBBYACTJAN,327945,2006,00010027,LOBB,"Sickels, Linda","SICKELS, LINDA",20070110,20070104,20061201,20061231,LA-A4,100002029,81,Water,water
SUB,LOBBYACT,LOBBYACTJAN,327945,2006,00010027,LOBB,"Sickels, Linda","SICKELS, LINDA",20070110,20070104,20061201,20061231,LA-A4,100002038,09,Animals,animals
SUB,LOBBYACT,LOBBYACTJAN,327945,2006,00010027,LOBB,"Sickels, Linda","SICKELS, LINDA",20070110,20070104,20061201,20061231,LA-A4,100002061,63,Product Liability,product liability
SUB,LOBBYACT,LOBBYACTJAN,327945,2006,00010027,LOBB,"Sickels, Linda","SICKELS, LINDA",20070110,20070104,20061201,20061231,LA-A4,100002123,41,Highways And Roads,highways and roads
SUB,LOBBYACT,LOBBYACTJAN,327945,2006,00010027,LOBB,"Sickels, Linda","SICKELS, LINDA",20070110,20070104,20061201,20061231,LA-A4,100002135,32,Environment,environment
SUB,LOBBYACT,LOBBYACTMAR,648424,2015,00010015,LOBB,"Clark, Mark (Mr.)","CLARK, MARK (MR.)",20150310,20150303,20150201,20150228,LA-A4,100000529,75,Taxation,
SUB,LOBBYACT,LOBBYACTMAR,648424,2015,00010015,LOBB,"Clark, Mark (Mr.)","CLARK, MARK (MR.)",20150310,20150303,20150201,20150228,LA-A4,100000600,20,Corporations And Associations,
SUB,LOBBYACT,LOBBYACTMAR,648424,2015,00010015,LOBB,"Clark, Mark (Mr.)","CLARK, MARK (MR.)",20150310,20150303,20150201,20150228,LA-A4,100000607,82,Weapons,
SUB,LOBBYACT,LOBBYACTMAR,648424,2015,00010015,LOBB,"Clark, Mark (Mr.)","CLARK, MARK (MR.)",20150310,20150303,20150201,20150228,LA-A4,100000616,14,City Government,
SUB,LOBBYACT,LOBBYACTMAR,648424,2015,00010015,LOBB,"Clark, Mark (Mr.)","CLARK, MARK (MR.)",20150310,20150303,20150201,20150228,LA-A4,100000617,37,Fire Fighters And Police,
SUB,LOBBYACT,LOBBYACTMAR,648424,2015,00010015,LOBB,"Clark, Mark (Mr.)","CLARK, MARK (MR.)",20150310,20150303,20150201,20150228,LA-A4,100000628,25,Criminal Procedures,
SUB,LOBBYACT,LOBBYACTMAR,648424,2015,00010015,LOBB,"Clark, Mark (Mr.)","CLARK, MARK (MR.)",20150310,20150303,20150201,20150228,LA-A4,100000630,24,Crime,
SUB,LOBBYACT,LOBBYACTANNUAL,554615,2012,00010017,LOBB,"Kleinworth, Thomas (Mr.)","KLEINWORTH, THOMAS (MR.)",20130110,20130102,20120101,20121231,LA-A4,100000645,74,State Finances,
SUB,LOBBYACT,LOBBYACTANNUAL,554615,2012,00010017,LOBB,"Kleinworth, Thomas (Mr.)","KLEINWORTH, THOMAS (MR.)",20130110,20130102,20120101,20121231,LA-A4,100000670,75,Taxation,
SUB,LOBBYACT,LOBBYACTANNUAL,554615,2012,00010017,LOBB,"Kleinworth, Thomas (Mr.)","KLEINWORTH, THOMAS (MR.)",20130110,20130102,20120101,20121231,LA-A4,100000708,13,Charitable And Nonprofit Organizations,
SUB,LOBBYACT,LOBBYACTANNUAL,554615,2012,00010017,LOBB,"Kleinworth, Thomas (Mr.)","KLEINWORTH, THOMAS (MR.)",20130110,20130102,20120101,20121231,LA-A4,100000712,43,Hospitals,
SUB,LOBBYACT,LOBBYACTANNUAL,554615,2012,00010017,LOBB,"Kleinworth, Thomas (Mr.)","KLEINWORTH, THOMAS (MR.)",20130110,20130102,20120101,20121231,LA-A4,100000736,29,Education,
SUB,LOBBYACT,LOBBYACTANNUAL,554615,2012,00010017,LOBB,"Kleinworth, Thomas (Mr.)","KLEINWORTH, THOMAS (MR.)",20130110,20130102,20120101,20121231,LA-A4,100000772,57,Occupational Regulation,
SUB,LOBBYACT,LOBBYACTANNUAL,554615,2012,00010017,LOBB,"Kleinworth, Thomas (Mr.)","KLEINWORTH, THOMAS (MR.)",20130110,20130102,20120101,20121231,LA-A4,100000784,59,Open Records And Open Meetings,
SUB,LOBBYACT,LOBBYACTANNUAL,554615,2012,00010017,LOBB,"Kleinworth, Thomas (Mr.)","KLEINWORTH, THOMAS (MR.)",20130110,20130102,20120101,20121231,LA-A4,100000826,40,Health And Health Care,
SUB,LOBBYACT,LOBBYACTANNUAL,593738,2013,00010017,LOBB,"Kleinworth, Thomas (Mr.)","KLEINWORTH, THOMAS (MR.)",20140110,20140103,20130101,20131231,LA-A4,100000699,43,Hospitals,
SUB,LOBBYACT,LOBBYACTANNUAL,593738,2013,00010017,LOBB,"Kleinworth, Thomas (Mr.)","KLEINWORTH, THOMAS (MR.)",20140110,20140103,20130101,20131231,LA-A4,100000748,13,Charitable And Nonprofit Organizations,
SUB,LOBBYACT,LOBBYACTANNUAL,593738,2013,00010017,LOBB,"Kleinworth, Thomas (Mr.)","KLEINWORTH, THOMAS (MR.)",20140110,20140103,20130101,20131231,LA-A4,100000750,57,Occupational Regulation,
SUB,LOBBYACT,LOBBYACTANNUAL,593738,2013,00010017,LOBB,"Kleinworth, Thomas (Mr.)","KLEINWORTH, THOMAS (MR.)",20140110,20140103,20130101,20131231,LA-A4,100000766,59,Open Records And Open Meetings,
SUB,LOBBYACT,LOBBYACTANNUAL,593738,2013,00010017,LOBB,"Kleinworth, Thomas (Mr.)","KLEINWORTH, THOMAS (MR.)",20140110,20140103,20130101,20131231,LA-A4,100000787,75,Taxation,
SUB,LOBBYACT,LOBBYACTANNUAL,593738,2013,00010017,LOBB,"Kleinworth, Thomas (Mr.)","KLEINWORTH, THOMAS (MR.)",20140110,20140103,20130101,20131231,LA-A4,100000800,40,Health And Health Care,
SUB,LOBBYACT,LOBBYACTANNUAL,593738,2013,00010017,LOBB,"Kleinworth, Thomas (Mr.)","KLEINWORTH, THOMAS (MR.)",20140110,20140103,20130101,20131231,LA-A4,100000810,29,Education,
SUB,LOBBYACT,LOBBYACTANNUAL,593738,2013,00010017,LOBB,"Kleinworth, Thomas (Mr.)","KLEINWORTH, THOMAS (MR.)",20140110,20140103,20130101,20131231,LA-A4,100000834,74,State Finances,
SUB,LOBBYACT,LOBBYACTANNUAL,327868,2006,00010017,LOBB,"Kleinworth, Thomas (Mr.)","KLEINWORTH, THOMAS (MR.)",20070110,20070103,20060101,20061231,LA-A4,100000644,43,Hospitals,hospitals
SUB,LOBBYACT,LOBBYACTANNUAL,327868,2006,00010017,LOBB,"Kleinworth, Thomas (Mr.)","KLEINWORTH, THOMAS (MR.)",20070110,20070103,20060101,20061231,LA-A4,100000654,13,Charitable And Nonprofit Organizations,charitable and nonprofit organizations
SUB,LOBBYACT,LOBBYACTANNUAL,327868,2006,00010017,LOBB,"Kleinworth, Thomas (Mr.)","KLEINWORTH, THOMAS (MR.)",20070110,20070103,20060101,20061231,LA-A4,100000704,75,Taxation,taxation
SUB,LOBBYACT,LOBBYACTANNUAL,327868,2006,00010017,LOBB,"Kleinworth, Thomas (Mr.)","KLEINWORTH, THOMAS (MR.)",20070110,20070103,20060101,20061231,LA-A4,100000706,40,Health And Health Care,health and health care
SUB,LOBBYACT,LOBBYACTANNUAL,327868,2006,00010017,LOBB,"Kleinworth, Thomas (Mr.)","KLEINWORTH, THOMAS (MR.)",20070110,20070103,20060101,20061231,LA-A4,100000739,74,State Finances,state finances
SUB,LOBBYACT,LOBBYACTANNUAL,327868,2006,00010017,LOBB,"Kleinworth, Thomas (Mr.)","KLEINWORTH, THOMAS (MR.)",20070110,20070103,20060101,20061231,LA-A4,100000761,59,Open Records And Open Meetings,open records and open meetings
SUB,LOBBYACT,LOBBYACTANNUAL,327868,2006,00010017,LOBB,"Kleinworth, Thomas (Mr.)","KLEINWORTH, THOMAS (MR.)",20070110,20070103,20060101,20061231,LA-A4,100000763,57,Occupational Regulation,occupational regulation
SUB,LOBBYACT,LOBBYACTANNUAL,327868,2006,00010017,LOBB,"Kleinworth, Thomas (Mr.)","KLEINWORTH, THOMAS (MR.)",20070110,20070103,20060101,20061231,LA-A4,100000803,29,Education,education
SUB,LOBBYACT,LOBBYACTOCT,198031,2002,00010017,LOBB,"Kleinworth, Thomas W. (Mr.)","KLEINWORTH, THOMAS W. (MR.)",20011010,20011003,20020901,20020930,LA-A4,100000705,40,Health And Health Care,
SUB,LOBBYACT,LOBBYACTOCT,198031,2002,00010017,LOBB,"Kleinworth, Thomas W. (Mr.)","KLEINWORTH, THOMAS W. (MR.)",20011010,20011003,20020901,20020930,LA-A4,100000709,74,State Finances,
SUB,LOBBYACT,LOBBYACTOCT,198031,2002,00010017,LOBB,"Kleinworth, Thomas W. (Mr.)","KLEINWORTH, THOMAS W. (MR.)",20011010,20011003,20020901,20020930,LA-A4,100000732,59,Open Records And Open Meetings,
SUB,LOBBYACT,LOBBYACTSEP,198954,2002,00010017,LOBB,"Kleinworth, Thomas W. (Mr.)","KLEINWORTH, THOMAS W. (MR.)",20010910,20020522,20020801,20020831,LA-A4,100000681,74,State Finances,
SUB,LOBBYACT,LOBBYACTSEP,198954,2002,00010017,LOBB,"Kleinworth, Thomas W. (Mr.)","KLEINWORTH, THOMAS W. (MR.)",20010910,20020522,20020801,20020831,LA-A4,100000733,40,Health And Health Care,
SUB,LOBBYACT,LOBBYACTSEP,198954,2002,00010017,LOBB,"Kleinworth, Thomas W. (Mr.)","KLEINWORTH, THOMAS W. (MR.)",20010910,20020522,20020801,20020831,LA-A4,100000782,59,Open Records And Open Meetings,
SUB,LOBBYACT,LOBBYACTANNUAL,509875,2011,00010017,LOBB,"Kleinworth, Thomas (Mr.)","KLEINWORTH, THOMAS (MR.)",20120110,20120103,20110101,20111231,LA-A4,100000643,59,Open Records And Open Meetings,
SUB,LOBBYACT,LOBBYACTANNUAL,509875,2011,00010017,LOBB,"Kleinworth, Thomas (Mr.)","KLEINWORTH, THOMAS (MR.)",20120110,20120103,20110101,20111231,LA-A4,100000684,29,Education,
SUB,LOBBYACT,LOBBYACTANNUAL,509875,2011,00010017,LOBB,"Kleinworth, Thomas (Mr.)","KLEINWORTH, THOMAS (MR.)",20120110,20120103,20110101,20111231,LA-A4,100000707,13,Charitable And Nonprofit Organizations,
SUB,LOBBYACT,LOBBYACTANNUAL,509875,2011,00010017,LOBB,"Kleinworth, Thomas (Mr.)","KLEINWORTH, THOMAS (MR.)",20120110,20120103,20110101,20111231,LA-A4,100000751,74,State Finances,
SUB,LOBBYACT,LOBBYACTANNUAL,509875,2011,00010017,LOBB,"Kleinworth, Thomas (Mr.)","KLEINWORTH, THOMAS (MR.)",20120110,20120103,20110101,20111231,LA-A4,100000758,75,Taxation,
SUB,LOBBYACT,LOBBYACTANNUAL,509875,2011,00010017,LOBB,"Kleinworth, Thomas (Mr.)","KLEINWORTH, THOMAS (MR.)",20120110,20120103,20110101,20111231,LA-A4,100000760,43,Hospitals,
SUB,LOBBYACT,LOBBYACTANNUAL,509875,2011,00010017,LOBB,"Kleinworth, Thomas (Mr.)","KLEINWORTH, THOMAS (MR.)",20120110,20120103,20110101,20111231,LA-A4,100000770,40,Health And Health Care,
SUB,LOBBYACT,LOBBYACTANNUAL,509875,2011,00010017,LOBB,"Kleinworth, Thomas (Mr.)","KLEINWORTH, THOMAS (MR.)",20120110,20120103,20110101,20111231,LA-A4,100000802,57,Occupational Regulation,
SUB,LOBBYACT,LOBBYACTANNUAL,511314,2011,00010018,LOBB,"Goodson Jr., Adrian L. (Mr.)","GOODSON JR., ADRIAN L. (MR.)",20120110,20120106,20110101,20111231,LA-A4,100000905,67,Redistricting,
SUB,LOBBYACT,LOBBYACTANNUAL,511314,2011,00010018,LOBB,"Goodson Jr., Adrian L. (Mr.)","GOODSON JR., ADRIAN L. (MR.)",20120110,20120106,20110101,20111231,LA-A4,100000908,33,Ethics,
SUB,LOBBYACT,LOBBYACTANNUAL,511314,2011,00010018,LOBB,"Goodson Jr., Adrian L. (Mr.)","GOODSON JR., ADRIAN L. (MR.)",20120110,20120106,20110101,20111231,LA-A4,100000925,75,Taxation,
SUB,LOBBYACT,LOBBYACTANNUAL,511314,2011,00010018,LOBB,"Goodson Jr., Adrian L. (Mr.)","GOODSON JR., ADRIAN L. (MR.)",20120110,20120106,20110101,20111231,LA-A4,100000937,32,Environment,
SUB,LOBBYACT,LOBBYACTANNUAL,511314,2011,00010018,LOBB,"Goodson Jr., Adrian L. (Mr.)","GOODSON JR., ADRIAN L. (MR.)",20120110,20120106,20110101,20111231,LA-A4,100000942,65,Public Lands,
SUB,LOBBYACT,LOBBYACTANNUAL,511314,2011,00010018,LOBB,"Goodson Jr., Adrian L. (Mr.)","GOODSON JR., ADRIAN L. (MR.)",20120110,20120106,20110101,20111231,LA-A4,100001005,74,State Finances,
SUB,LOBBYACT,LOBBYACTANNUAL,511314,2011,00010018,LOBB,"Goodson Jr., Adrian L. (Mr.)","GOODSON JR., ADRIAN L. (MR.)",20120110,20120106,20110101,20111231,LA-A4,100001021,35,Fees And Other Non-Tax Revenue,
SUB,LOBBYACT,LOBBYACTANNUAL,511314,2011,00010018,LOBB,"Goodson Jr., Adrian L. (Mr.)","GOODSON JR., ADRIAN L. (MR.)",20120110,20120106,20110101,20111231,LA-A4,100001026,69,Retirement Systems,
SUB,LOBBYACT,LOBBYACTANNUAL,511314,2011,00010018,LOBB,"Goodson Jr., Adrian L. (Mr.)","GOODSON JR., ADRIAN L. (MR.)",20120110,20120106,20110101,20111231,LA-A4,100001047,57,Occupational Regulation,
SUB,LOBBYACT,LOBBYACTANNUAL,511314,2011,00010018,LOBB,"Goodson Jr., Adrian L. (Mr.)","GOODSON JR., ADRIAN L. (MR.)",20120110,20120106,20110101,20111231,LA-A4,100001073,73,State Employees Officers And Symbols,
SUB,LOBBYACT,LOBBYACTANNUAL,511314,2011,00010018,LOBB,"Goodson Jr., Adrian L. (Mr.)","GOODSON JR., ADRIAN L. (MR.)",20120110,20120106,20110101,20111231,LA-A4,100001116,60,Parks And Wildlife,
SUB,LOBBYACT,LOBBYACTANNUAL,511314,2011,00010018,LOBB,"Goodson Jr., Adrian L. (Mr.)","GOODSON JR., ADRIAN L. (MR.)",20120110,20120106,20110101,20111231,LA-A4,100001137,20,Corporations And Associations,
SUB,LOBBYACT,LOBBYACTANNUAL,511314,2011,00010018,LOBB,"Goodson Jr., Adrian L. (Mr.)","GOODSON JR., ADRIAN L. (MR.)",20120110,20120106,20110101,20111231,LA-A4,100001182,72,State Agencies Boards And Commissions,
SUB,LOBBYACT,LOBBYACTANNUAL,511314,2011,00010018,LOBB,"Goodson Jr., Adrian L. (Mr.)","GOODSON JR., ADRIAN L. (MR.)",20120110,20120106,20110101,20111231,LA-A4,100001188,54,Mines And Mineral Resources,
SUB,LOBBYACT,LOBBYACTANNUAL,511314,2011,00010018,LOBB,"Goodson Jr., Adrian L. (Mr.)","GOODSON JR., ADRIAN L. (MR.)",20120110,20120106,20110101,20111231,LA-A4,100001196,16,Coastal Affairs And Beaches,
SUB,LOBBYACT,LOBBYACTANNUAL,511314,2011,00010018,LOBB,"Goodson Jr., Adrian L. (Mr.)","GOODSON JR., ADRIAN L. (MR.)",20120110,20120106,20110101,20111231,LA-A4,100001205,63,Product Liability,
SUB,LOBBYACT,LOBBYACTANNUAL,511314,2011,00010018,LOBB,"Goodson Jr., Adrian L. (Mr.)","GOODSON JR., ADRIAN L. (MR.)",20120110,20120106,20110101,20111231,LA-A4,100001223,79,Utilities,
SUB,LOBBYACT,LOBBYACTANNUAL,511314,2011,00010018,LOBB,"Goodson Jr., Adrian L. (Mr.)","GOODSON JR., ADRIAN L. (MR.)",20120110,20120106,20110101,20111231,LA-A4,100001229,71,Special Districts And Authorities,
SUB,LOBBYACT,LOBBYACTANNUAL,511314,2011,00010018,LOBB,"Goodson Jr., Adrian L. (Mr.)","GOODSON JR., ADRIAN L. (MR.)",20120110,20120106,20110101,20111231,LA-A4,100001252,70,Safety,
SUB,LOBBYACT,LOBBYACTANNUAL,511314,2011,00010018,LOBB,"Goodson Jr., Adrian L. (Mr.)","GOODSON JR., ADRIAN L. (MR.)",20120110,20120106,20110101,20111231,LA-A4,100001279,31,Energy,
SUB,LOBBYACT,LOBBYACTANNUAL,511314,2011,00010018,LOBB,"Goodson Jr., Adrian L. (Mr.)","GOODSON JR., ADRIAN L. (MR.)",20120110,20120106,20110101,20111231,LA-A4,100001280,04,Agriculture,
SUB,LOBBYACT,LOBBYACTANNUAL,511314,2011,00010018,LOBB,"Goodson Jr., Adrian L. (Mr.)","GOODSON JR., ADRIAN L. (MR.)",20120110,20120106,20110101,20111231,LA-A4,100001287,28,Economic And Industrial Development,
SUB,LOBBYACT,LOBBYACTANNUAL,511314,2011,00010018,LOBB,"Goodson Jr., Adrian L. (Mr.)","GOODSON JR., ADRIAN L. (MR.)",20120110,20120106,20110101,20111231,LA-A4,100001306,46,Insurance,
SUB,LOBBYACT,LOBBYACTANNUAL,511314,2011,00010018,LOBB,"Goodson Jr., Adrian L. (Mr.)","GOODSON JR., ADRIAN L. (MR.)",20120110,20120106,20110101,20111231,LA-A4,100001311,61,Political Subdivisions,
SUB,LOBBYACT,LOBBYACTANNUAL,511314,2011,00010018,LOBB,"Goodson Jr., Adrian L. (Mr.)","GOODSON JR., ADRIAN L. (MR.)",20120110,20120106,20110101,20111231,LA-A4,100001326,14,City Government,
SUB,LOBBYACT,LOBBYACTANNUAL,511314,2011,00010018,LOBB,"Goodson Jr., Adrian L. (Mr.)","GOODSON JR., ADRIAN L. (MR.)",20120110,20120106,20110101,20111231,LA-A4,100001344,80,Vehicles And Traffic,
SUB,LOBBYACT,LOBBYACTANNUAL,511314,2011,00010018,LOBB,"Goodson Jr., Adrian L. (Mr.)","GOODSON JR., ADRIAN L. (MR.)",20120110,20120106,20110101,20111231,LA-A4,100001360,49,Lawyers,
SUB,LOBBYACT,LOBBYACTANNUAL,511314,2011,00010018,LOBB,"Goodson Jr., Adrian L. (Mr.)","GOODSON JR., ADRIAN L. (MR.)",20120110,20120106,20110101,20111231,LA-A4,100001374,59,Open Records And Open Meetings,
SUB,LOBBYACT,LOBBYACTANNUAL,511314,2011,00010018,LOBB,"Goodson Jr., Adrian L. (Mr.)","GOODSON JR., ADRIAN L. (MR.)",20120110,20120106,20110101,20111231,LA-A4,100001403,66,Purchasing,
SUB,LOBBYACT,LOBBYACTANNUAL,511314,2011,00010018,LOBB,"Goodson Jr., Adrian L. (Mr.)","GOODSON JR., ADRIAN L. (MR.)",20120110,20120106,20110101,20111231,LA-A4,100001429,64,Property Interests,
SUB,LOBBYACT,LOBBYACTANNUAL,511314,2011,00010018,LOBB,"Goodson Jr., Adrian L. (Mr.)","GOODSON JR., ADRIAN L. (MR.)",20120110,20120106,20110101,20111231,LA-A4,100001451,76,Tort Reform,
SUB,LOBBYACT,LOBBYACTNOV,323764,2006,00010027,LOBB,"Sickels, Linda","SICKELS, LINDA",20061113,20061106,20061001,20061031,LA-A4,100001586,20,Corporations And Associations,corporations and associations
SUB,LOBBYACT,LOBBYACTNOV,323764,2006,00010027,LOBB,"Sickels, Linda","SICKELS, LINDA",20061113,20061106,20061001,20061031,LA-A4,100001588,11,Business And Commerce,business and commerce
SUB,LOBBYACT,LOBBYACTNOV,323764,2006,00010027,LOBB,"Sickels, Linda","SICKELS, LINDA",20061113,20061106,20061001,20061031,LA-A4,100001594,41,Highways And Roads,highways and roads
SUB,LOBBYACT,LOBBYACTNOV,323764,2006,00010027,LOBB,"Sickels, Linda","SICKELS, LINDA",20061113,20061106,20061001,20061031,LA-A4,100001672,81,Water,water
SUB,LOBBYACT,LOBBYACTNOV,323764,2006,00010027,LOBB,"Sickels, Linda","SICKELS, LINDA",20061113,20061106,20061001,20061031,LA-A4,100001688,31,Energy,energy
SUB,LOBBYACT,LOBBYACTNOV,323764,2006,00010027,LOBB,"Sickels, Linda","SICKELS, LINDA",20061113,20061106,20061001,20061031,LA-A4,100001706,46,Insurance,insurance
SUB,LOBBYACT,LOBBYACTNOV,323764,2006,00010027,LOBB,"Sickels, Linda","SICKELS, LINDA",20061113,20061106,20061001,20061031,LA-A4,100001749,40,Health And Health Care,health and health care
SUB,LOBBYACT,LOBBYACTNOV,323764,2006,00010027,LOBB,"Sickels, Linda","SICKELS, LINDA",20061113,20061106,20061001,20061031,LA-A4,100001770,76,Tort Reform,tort reform
SUB,LOBBYACT,LOBBYACTNOV,323764,2006,00010027,LOBB,"Sickels, Linda","SICKELS, LINDA",20061113,20061106,20061001,20061031,LA-A4,100001775,75,Taxation,taxation
SUB,LOBBYACT,LOBBYACTNOV,323764,2006,00010027,LOBB,"Sickels, Linda","SICKELS, LINDA",20061113,20061106,20061001,20061031,LA-A4,100001851,54,Mines And Mineral Resources,mines and mineral resources
SUB,LOBBYACT,LOBBYACTNOV,323764,2006,00010027,LOBB,"Sickels, Linda","SICKELS, LINDA",20061113,20061106,20061001,20061031,LA-A4,100001932,32,Environment,environment
SUB,LOBBYACT,LOBBYACTNOV,323764,2006,00010027,LOBB,"Sickels, Linda","SICKELS, LINDA",20061113,20061106,20061001,20061031,LA-A4,100001934,80,Vehicles And Traffic,vehicles and traffic
SUB,LOBBYACT,LOBBYACTNOV,323764,2006,00010027,LOBB,"Sickels, Linda","SICKELS, LINDA",20061113,20061106,20061001,20061031,LA-A4,100001943,78,Transportation,transportation
SUB,LOBBYACT,LOBBYACTNOV,323764,2006,00010027,LOBB,"Sickels, Linda","SICKELS, LINDA",20061113,20061106,20061001,20061031,LA-A4,100002032,63,Product Liability,product liability
SUB,LOBBYACT,LOBBYACTNOV,323764,2006,00010027,LOBB,"Sickels, Linda","SICKELS, LINDA",20061113,20061106,20061001,20061031,LA-A4,100002081,28,Economic And Industrial Development,econimic and industrial development
SUB,LOBBYACT,LOBBYACTNOV,323764,2006,00010027,LOBB,"Sickels, Linda","SICKELS, LINDA",20061113,20061106,20061001,20061031,LA-A4,100002124,64,Property Interests,property interests
SUB,LOBBYACT,LOBBYACTOCT,320217,2006,00010027,LOBB,"Sickels, Linda (Ms.)","SICKELS, LINDA (MS.)",20061010,20061006,20060901,20060930,LA-A4,100001579,80,Vehicles And Traffic,vehicles and traffic
SUB,LOBBYACT,LOBBYACTOCT,320217,2006,00010027,LOBB,"Sickels, Linda (Ms.)","SICKELS, LINDA (MS.)",20061010,20061006,20060901,20060930,LA-A4,100001609,46,Insurance,insurance
SUB,LOBBYACT,LOBBYACTOCT,320217,2006,00010027,LOBB,"Sickels, Linda (Ms.)","SICKELS, LINDA (MS.)",20061010,20061006,20060901,20060930,LA-A4,100001632,81,Water,water
SUB,LOBBYACT,LOBBYACTOCT,320217,2006,00010027,LOBB,"Sickels, Linda (Ms.)","SICKELS, LINDA (MS.)",20061010,20061006,20060901,20060930,LA-A4,100001648,31,Energy,energy
SUB,LOBBYACT,LOBBYACTOCT,320217,2006,00010027,LOBB,"Sickels, Linda (Ms.)","SICKELS, LINDA (MS.)",20061010,20061006,20060901,20060930,LA-A4,100001662,64,Property Interests,property interests
SUB,LOBBYACT,LOBBYACTOCT,320217,2006,00010027,LOBB,"Sickels, Linda (Ms.)","SICKELS, LINDA (MS.)",20061010,20061006,20060901,20060930,LA-A4,100001691,20,Corporations And Associations,corporations and associations
SUB,LOBBYACT,LOBBYACTOCT,320217,2006,00010027,LOBB,"Sickels, Linda (Ms.)","SICKELS, LINDA (MS.)",20061010,20061006,20060901,20060930,LA-A4,100001734,54,Mines And Mineral Resources,mines and mineral resources
SUB,LOBBYACT,LOBBYACTOCT,320217,2006,00010027,LOBB,"Sickels, Linda (Ms.)","SICKELS, LINDA (MS.)",20061010,20061006,20060901,20060930,LA-A4,100001739,65,Public Lands,public lands
SUB,LOBBYACT,LOBBYACTOCT,320217,2006,00010027,LOBB,"Sickels, Linda (Ms.)","SICKELS, LINDA (MS.)",20061010,20061006,20060901,20060930,LA-A4,100001762,41,Highways And Roads,highways and roads
SUB,LOBBYACT,LOBBYACTOCT,320217,2006,00010027,LOBB,"Sickels, Linda (Ms.)","SICKELS, LINDA (MS.)",20061010,20061006,20060901,20060930,LA-A4,100001782,75,Taxation,taxation
SUB,LOBBYACT,LOBBYACTOCT,320217,2006,00010027,LOBB,"Sickels, Linda (Ms.)","SICKELS, LINDA (MS.)",20061010,20061006,20060901,20060930,LA-A4,100001829,76,Tort Reform,tort reform
SUB,LOBBYACT,LOBBYACTOCT,320217,2006,00010027,LOBB,"Sickels, Linda (Ms.)","SICKELS, LINDA (MS.)",20061010,20061006,20060901,20060930,LA-A4,100001868,11,Business And Commerce,business and commerce
SUB,LOBBYACT,LOBBYACTOCT,320217,2006,00010027,LOBB,"Sickels, Linda (Ms.)","SICKELS, LINDA (MS.)",20061010,20061006,20060901,20060930,LA-A4,100001944,40,Health And Health Care,health and health care
SUB,LOBBYACT,LOBBYACTOCT,320217,2006,00010027,LOBB,"Sickels, Linda (Ms.)","SICKELS, LINDA (MS.)",20061010,20061006,20060901,20060930,LA-A4,100001957,28,Economic And Industrial Development,econimic and industrial development
SUB,LOBBYACT,LOBBYACTOCT,320217,2006,00010027,LOBB,"Sickels, Linda (Ms.)","SICKELS, LINDA (MS.)",20061010,20061006,20060901,20060930,LA-A4,100001992,78,Transportation,transportation
SUB,LOBBYACT,LOBBYACTOCT,320217,2006,00010027,LOBB,"Sickels, Linda (Ms.)","SICKELS, LINDA (MS.)",20061010,20061006,20060901,20060930,LA-A4,100002074,32,Environment,environment
SUB,LOBBYACT,LOBBYACTANNUAL,398421,2008,00010038,LOBB,"Anderson, Gary (Mr.)","ANDERSON, GARY (MR.)",20090112,20090112,20080101,20081231,LA-A4,100002979,69,Retirement Systems,retirement systems
SUB,LOBBYACT,LOBBYACTANNUAL,398421,2008,00010038,LOBB,"Anderson, Gary (Mr.)","ANDERSON, GARY (MR.)",20090112,20090112,20080101,20081231,LA-A4,100002988,46,Insurance,insurance
SUB,LOBBYACT,LOBBYACTANNUAL,398421,2008,00010038,LOBB,"Anderson, Gary (Mr.)","ANDERSON, GARY (MR.)",20090112,20090112,20080101,20081231,LA-A4,100003018,73,State Employees Officers And Symbols,state employees officers and symbols
